name,position,team,projection
Ja'Marr Chase,WR,CIN,402
Bijan Robinson,RB,ATL,373
CeeDee Lamb,WR,DAL,379
Saquon Barkley,RB,PHI,369
Justin Jefferson,WR,MIN,385
Puka Nacua,WR,LAR,380
Christian McCaffrey,RB,SF,374
Jahmyr Gibbs,RB,DET,370
Malik Nabers,WR,NYG,366
Nico Collins,WR,HOU,360
Brian Thomas Jr.,WR,JAC,361
Ashton Jeanty,RB,LVR,362
Jonathan Taylor,RB,IND,354
De'Von Achane,RB,MIA,325
Derrick Henry,RB,BAL,333
Amon-Ra St. Brown,WR,DET,357
A.J. Brown,WR,PHI,341
Drake London,WR,ATL,330
Tee Higgins,WR,CIN,321
Tyreek Hill,WR,MIA,345
Breece Hall,RB,NYJ,339
Alvin Kamara,RB,NO,306
Chase Brown,RB,CIN,325
Brock Bowers,TE,LVR,291
Josh Jacobs,RB,GB,297
Bucky Irving,RB,TB,296
Trey McBride,TE,ARI,281
Joe Mixon,RB,HOU,298
Rashee Rice,WR,KC,336
Lamar Jackson,QB,BAL,424
Jayden Daniels,QB,WAS,423
Xavier Worthy,WR,KC,322
Kyren Williams,RB,LAR,314
Ladd McConkey,WR,LAC,324
Josh Allen,QB,BUF,427
Jalen Hurts,QB,PHI,420
Mike Evans,WR,TB,288
Kenneth Walker III,RB,SEA,291
James Cook,RB,BUF,284
Chuba Hubbard,RB,CAR,282
Davante Adams,WR,LAR,298
James Conner,RB,ARI,279
Garrett Wilson,WR,NYJ,305
George Kittle,TE,SF,273
D.J. Moore,WR,CHI,293
D.K. Metcalf,WR,PIT,283
Jaxon Smith-Njigba,WR,SEA,281
Terry McLaurin,WR,WAS,274
Marvin Harrison Jr.,WR,ARI,294
DeVonta Smith,WR,PHI,277
Joe Burrow,QB,CIN,390
Jaylen Waddle,WR,MIA,280
Zay Flowers,WR,BAL,260
Tetairoa McMillan,WR,CAR,290
Aaron Jones,RB,MIN,256
Courtland Sutton,WR,DEN,260
Jauan Jennings,WR,SF,284
Sam LaPorta,TE,DET,255
Travis Hunter,WR,JAC,314
David Montgomery,RB,DET,266
Chris Godwin,WR,TB,290
George Pickens,WR,DAL,277
Chris Olave,WR,NO,281
Jameson Williams,WR,DET,275
Isiah Pacheco,RB,KC,276
Omarion Hampton,RB,LAC,284
Travis Kelce,TE,KC,229
Quinshon Judkins,RB,CLE,269
D'Andre Swift,RB,CHI,269
Tony Pollard,RB,TEN,260
Calvin Ridley,WR,TEN,247
TreVeyon Henderson,RB,NE,271
T.J. Hockenson,TE,MIN,235
RJ Harvey,RB,DEN,272
Jakobi Meyers,WR,LVR,235
Deebo Samuel,WR,WAS,248
Ricky Pearsall,WR,SF,302
Khalil Shakir,WR,BUF,242
Jonnu Smith,TE,MIA,227
David Njoku,TE,CLE,222
Mark Andrews,TE,BAL,233
Jordan Addison,WR,MIN,265
Rome Odunze,WR,CHI,281
Jayden Reed,WR,GB,246
Marquise Brown,WR,KC,264
Patrick Mahomes,QB,KC,373
Jerry Jeudy,WR,CLE,249
Brian Robinson Jr.,RB,WAS,226
Jaylen Warren,RB,PIT,221
Dalton Kincaid,TE,BUF,220
Travis Etienne,RB,JAC,238
Kaleb Johnson,RB,PIT,246
Tucker Kraft,TE,GB,196
Jake Ferguson,TE,DAL,186
Evan Engram,TE,DEN,205
Kyler Murray,QB,ARI,367
Dallas Goedert,TE,PHI,192
Bo Nix,QB,DEN,357
Tyler Warren,TE,IND,225
Josh Downs,WR,IND,234
Tyrone Tracy Jr.,RB,NYG,212
Justin Fields,QB,NYJ,372
Baker Mayfield,QB,TB,361
Darnell Mooney,WR,ATL,227
Tyjae Spears,RB,TEN,212
Caleb Williams,QB,CHI,364
Cameron Skattebo,RB,NYG,218
Najee Harris,RB,LAC,221
Justin Herbert,QB,LAC,362
Pat Freiermuth,TE,PIT,191
Michael Pittman Jr.,WR,IND,237
Cooper Kupp,WR,SEA,252
Austin Ekeler,RB,WAS,197
Rashid Shaheed,WR,NO,236
Stefon Diggs,WR,NE,260
Dak Prescott,QB,DAL,360
Keon Coleman,WR,BUF,250
Tank Bigsby,RB,JAC,216
Trevor Lawrence,QB,JAC,359
Drake Maye,QB,NE,361
Brock Purdy,QB,SF,355
Zach Ertz,TE,WAS,183
Javonte Williams,RB,DAL,220
Colston Loveland,TE,CHI,220
Jordan Love,QB,GB,357
Jared Goff,QB,DET,357
Chigoziem Okonkwo,TE,TEN,182
Christian Kirk,WR,HOU,204
Jayden Higgins,WR,HOU,230
Isaiah Likely,TE,BAL,194
Rachaad White,RB,TB,190
Mike Gesicki,TE,CIN,187
Cade Otton,TE,TB,170
J.J. McCarthy,QB,MIN,356
Brandon Aubrey,K,DAL,178
C.J. Stroud,QB,HOU,355
Rhamondre Stevenson,RB,NE,194
Jordan Mason,RB,MIN,212
Hunter Henry,TE,NE,181
Tua Tagovailoa,QB,MIA,358
Kyle Pitts,TE,ATL,188
Zach Charbonnet,RB,SEA,191
J.K. Dobbins,RB,DEN,198
Romeo Doubs,WR,GB,204
Keenan Allen,WR,UNS,216
Matthew Golden,WR,GB,233
Cameron Dicker,K,LAC,175
Jaydon Blue,RB,DAL,197
Dalton Schultz,TE,HOU,174
Bryce Young,QB,CAR,341
Younghoe Koo,K,ATL,173
Brenton Strange,TE,JAC,185
Luther Burden III,WR,CHI,224
Emeka Egbuka,WR,TB,226
Joshua Palmer,WR,BUF,223
Amari Cooper,WR,UNS,216
Matt Gay,K,WAS,175
Juwan Johnson,TE,NO,180
Jake Elliott,K,PHI,172
Jake Bates,K,DET,175
Brandon McManus,K,GB,173
Ka'imi Fairbairn,K,HOU,175
Bhayshul Tuten,RB,JAC,221
Diontae Johnson,WR,CLE,227
Harrison Butker,K,KC,176
Cam Little,K,JAC,172
Wan'Dale Robinson,WR,NYG,189
Mason Taylor,TE,NYJ,180
Ray Davis,RB,BUF,191
Roschon Johnson,RB,CHI,185
Matthew Stafford,QB,LAR,349
Quentin Johnston,WR,LAC,202
Justice Hill,RB,BAL,148
Rashod Bateman,WR,BAL,205
Jason Sanders,K,MIA,172
Tyler Allgeier,RB,ATL,183
Cedric Tillman,WR,CLE,225
Tre Harris,WR,LAC,216
Daniel Carlson,K,LVR,171
Geno Smith,QB,LVR,334
Cameron Ward,QB,TEN,351
Kyle Williams,WR,NE,219
Evan McPherson,K,CIN,175
Trey Benson,RB,ARI,201
Tyler Loop,K,BAL,175
Chase McLaughlin,K,TB,174
Cole Kmet,TE,CHI,177
Sam Darnold,QB,SEA,341
Wil Lutz,K,DEN,173
Isaac Guerendo,RB,SF,217
Jack Bech,WR,LVR,215
Xavier Legette,WR,CAR,194
Marvin Mims Jr.,WR,DEN,177
Blake Corum,RB,LAR,207
Joshua Karty,K,LAR,173
Jaylen Wright,RB,MIA,190
Jalen Coker,WR,CAR,200
Theo Johnson,TE,NYG,172
Miles Sanders,RB,DAL,204
Adam Thielen,WR,CAR,182
Dylan Sampson,RB,CLE,175
Kareem Hunt,RB,KC,180
Michael Wilson,WR,ARI,170
MarShawn Lloyd,RB,GB,188
Michael Penix Jr.,QB,ATL,338
Chad Ryland,K,ARI,171
Chris Boswell,K,PIT,169
Kendre Miller,RB,NO,178
Elijah Mitchell,RB,KC,189
Anthony Richardson,QB,IND,379
Jason Myers,K,SEA,169
Jarquez Hunter,RB,LAR,199
Cairo Santos,K,CHI,171
Jerome Ford,RB,CLE,142
Demarcus Robinson,WR,SF,288
Rico Dowdle,RB,CAR,160
Tyler Bass,K,BUF,172
Braelon Allen,RB,NYJ,180
Jalen McMillan,WR,TB,199
Trevor Etienne,RB,CAR,171
Demario Douglas,WR,NE,198
Jo'Quavious Marks,RB,HOU,154
Nick Chubb,RB,HOU,192
Elijah Arroyo,TE,SEA,159
DJ Giddens,RB,IND,172
Ja'Tavion Sanders,TE,CAR,165
Alec Pierce,WR,IND,197
Darius Slayton,WR,NYG,176
Jordan James,RB,SF,189
Terrance Ferguson,TE,LAR,181
Tahj Brooks,RB,CIN,184
Noah Fant,TE,SEA,150
Ray-Ray McCloud,WR,ATL,159
Samaje Perine,RB,CIN,123
Mike Williams,WR,LAC,209
Pat Bryant,WR,DEN,204
Aaron Rodgers,QB,PIT,333
Antonio Gibson,RB,NE,140
Ollie Gordon II,RB,MIA,176
Zack Moss,RB,CIN,162
Dontayvion Wicks,WR,GB,209
Isaiah Davis,RB,NYJ,182
Gus Edwards,RB,UNS,118
Tyler Higbee,TE,LAR,169
Will Shipley,RB,PHI,150
Will Dissly,TE,LAC,143
Spencer Shrader,K,IND,168
Will Reichard,K,MIN,169
Ty Johnson,RB,BUF,129
Tyler Lockett,WR,TEN,186
Devin Neal,RB,NO,163
Kenneth Gainwell,RB,PIT,121
Dyami Brown,WR,JAC,179
Alexander Mattison,RB,MIA,146
Christian Watson,WR,GB,96
Raheem Mostert,RB,LVR,126
Jaylin Noel,WR,HOU,205
Devin Singletary,RB,NYG,119
Harold Fannin Jr.,TE,CLE,172
Noah Gray,TE,KC,142
Brashard Smith,RB,KC,155
Khalil Herbert,RB,IND,153
Kyle Monangai,RB,CHI,159
Russell Wilson,QB,NYG,328
Andres Borregales,K,NE,165
Keaton Mitchell,RB,BAL,154
Phil Mafah,RB,DAL,154
Roman Wilson,WR,PIT,187
DeAndre Hopkins,WR,BAL,161
Tutu Atwell,WR,LAR,164
Jacory Croskey-Merritt,RB,WAS,150
Emari Demercado,RB,ARI,90
Jeremy McNichols,RB,WAS,132
Tyler Shough,QB,NO,327
Blake Grupe,K,NO,162
Calvin Austin III,WR,PIT,166
Jaleel McLaughlin,RB,DEN,77
Andrei Iosivas,WR,CIN,174
LeQuint Allen,RB,JAC,142
Emanuel Wilson,RB,GB,91
Sean Tucker,RB,TB,108
JuJu Smith-Schuster,WR,KC,204
Dont'e Thornton Jr.,WR,LVR,204
Joey Slye,K,TEN,159
Mack Hollins,WR,NE,169
Gabriel Davis,WR,UNS,185
A.J. Dillon,RB,PHI,112
Taysom Hill,TE,NO,126
Audric Estime,RB,DEN,109
Jordan Whittington,WR,LAR,183
Tyler Conklin,TE,LAC,140
Kayshon Boutte,WR,NE,157
Chris Rodriguez,RB,WAS,121
Austin Hooper,TE,NE,119
Noah Brown,WR,WAS,188
Troy Franklin,WR,DEN,177
Cam Akers,RB,NO,80
Michael Mayer,TE,LVR,124
Cade Stover,TE,HOU,154
Daniel Jones,QB,IND,223
Darnell Washington,TE,PIT,144
Oronde Gadsden II,TE,LAC,158
Malik Washington,WR,MIA,170
Adonai Mitchell,WR,IND,214
Dameon Pierce,RB,HOU,107
Jalen Nailor,WR,MIN,160
Damien Martinez,RB,SEA,119
Clyde Edwards-Helaire,RB,NO,87
Foster Moreau,TE,NO,115
Michael Carter,RB,ARI,108
Kalel Mullings,RB,TEN,116
Christopher Brooks,RB,GB,83
Luke Musgrave,TE,GB,161
Curtis Samuel,WR,BUF,157
Cordarrelle Patterson,RB,PIT,75
Josh Reynolds,WR,NYJ,165
Devaughn Vele,WR,DEN,168
Graham Gano,K,NYG,161
Ty Chandler,RB,MIN,87
Gerald Everett,TE,UNS,134
Marquez Valdes-Scantling,WR,SEA,149
Brandin Cooks,WR,NO,158
Nick Westbrook-Ikhine,WR,MIA,173
Gunnar Helm,TE,TEN,143
Elic Ayomanor,WR,TEN,193
Marcus Yarns,RB,NO,96
Ben Sinnott,TE,WAS,162
Harrison Mevis,K,NYJ,162
Sincere McCormick,RB,LVR,80
Kirk Cousins,QB,ATL,104
Tim Patrick,WR,DET,155
Craig Reynolds,RB,DET,79
Raheim Sanders,RB,LAC,98
Pierre Strong Jr.,RB,CLE,76
Dawson Knox,TE,BUF,125
Jamaal Williams,RB,UNS,71
Dustin Hopkins,K,CLE,159
Allen Lazard,WR,NYJ,155
D.J. Chark Jr.,WR,UNS,144
Tai Felton,WR,MIN,163
Parker Washington,WR,JAC,151
Mitchell Evans,TE,CAR,151
Van Jefferson,WR,TEN,151
Kimani Vidal,RB,LAC,75
Zamir White,RB,LVR,66
Brevin Jordan,TE,HOU,146
Treylon Burks,WR,TEN,167
Tommy Tremble,TE,CAR,127
Deuce Vaughn,RB,DAL,78
Drew Sample,TE,CIN,100
Luke McCaffrey,WR,WAS,171
KaVontae Turpin,WR,DAL,121
Tory Horton,WR,SEA,180
Isaac TeSlaa,WR,DET,182
Blake Watson,RB,DEN,80
Kenny McIntosh,RB,SEA,60
Kalif Raymond,WR,DET,149
Chimere Dike,WR,TEN,178
Josh Whyle,TE,TEN,128
Jalen Royals,WR,KC,187
DeeJay Dallas,RB,ARI,61
Malik Davis,RB,DAL,63
Tyler Goodson,RB,IND,46
Greg Dulcich,TE,NYG,136
Luke Schoonmaker,TE,DAL,111
Greg Dortch,WR,ARI,144
Jalen Tolbert,WR,DAL,145
Kendrick Bourne,WR,NE,126
Israel Abanikanda,RB,SF,63
Jordan Mims,RB,NO,45
Tyler Badie,RB,DEN,60
Jaxson Dart,QB,NYG,113
Savion Williams,WR,GB,172
Dylan Laube,RB,LVR,48
Hassan Haskins,RB,LAC,47
Jonathan Mingo,WR,DAL,159
Michael Gallup,WR,WAS,165
AJ Barner,TE,SEA,95
Stone Smartt,TE,NYJ,113
Elijah Higgins,TE,ARI,98
Carson Steele,RB,KC,36
Montrell Johnson Jr.,RB,PHI,37
Tanner McLachlan,TE,CIN,113
Julius Chestnut,RB,TEN,39
Jase McClellan,RB,ATL,38
Keilan Robinson,RB,PHI,35
Robert Woods,WR,PIT,159
Eric Gray,RB,NYG,32
Lucas Krull,TE,DEN,89
Donovan Edwards,RB,NYJ,12
Tyler Boyd,WR,UNS,127
Hunter Renfrow,WR,CAR,152
Elijah Moore,WR,BUF,138
Tre Tucker,WR,LVR,126
Grant Calcaterra,TE,PHI,93
Arian Smith,WR,NYJ,157
Malachi Corley,WR,NYJ,152
Jeremy Ruckert,TE,NYJ,86
Ja'Lynn Polk,WR,NE,155
Nelson Agholor,WR,UNS,117
Adam Trautman,TE,DEN,83
Johnny Mundt,TE,JAC,68
Harrison Bryant,TE,PHI,89
Josh Oliver,TE,MIN,84
Jacob Cowing,WR,SF,180
Luke Lachey,TE,HOU,100
Kylen Granson,TE,PHI,86
Julian Hill,TE,MIA,72
Daniel Bellinger,TE,NYG,84
Jake Briningstool,TE,KC,102
Isaiah Bond,WR,RK,171
Brock Wright,TE,DET,70
Zay Jones,WR,ARI,126
Caleb Lohner,TE,DEN,90
Davis Allen,TE,LAR,78
Joshua Simon,TE,ATL,89
Charlie Kolar,TE,BAL,76
Derius Davis,WR,LAC,126
Javon Baker,WR,NE,138
Jermaine Burton,WR,CIN,133
Tip Reiman,TE,ARI,77
Devin Culp,TE,TB,74
Colby Parkinson,TE,LAR,62
Jelani Woods,TE,IND,67
Jackson Hawes,TE,BUF,73
Jordan Watkins,WR,SF,146
Jared Wiley,TE,KC,77
Jahan Dotson,WR,PHI,129
Charlie Woerner,TE,ATL,61
Payne Durham,TE,TB,71
John Bates,TE,WAS,55
Andrew Ogletree,TE,IND,70
Mo Alie-Cox,TE,IND,30
Sterling Shepard,WR,TB,112
Jalin Hyatt,WR,NYG,136
Will Mallory,TE,IND,67
John Metchie,WR,HOU,117
Brevyn Spann-Ford,TE,DAL,61
Tez Johnson,WR,TB,125
Jaylin Lane,WR,WAS,126
Nate Adkins,TE,DEN,51
KeAndre Lambert-Smith,WR,LAC,122
Thomas Fidone II,TE,NYG,66
Jaheim Bell,TE,NE,64
Xavier Restrepo,WR,TEN,141
Devontez Walker,WR,BAL,122
Dallin Holker,TE,NO,56
Moliki Matavao,TE,NO,55
Dillon Gabriel,QB,CLE,85
Gavin Bartholomew,TE,MIN,48
Joe Flacco,QB,CLE,99
Shedeur Sanders,QB,CLE,84
Ricky White,WR,SEA,114
Justin Watson,WR,HOU,116
Durham Smythe,TE,CHI,37
Robbie Ouzts,TE,SEA,39
Kenny Pickett,QB,CLE,78
Spencer Rattler,QB,NO,66
Connor Heyward,TE,PIT,38
Olamide Zaccheaus,WR,CHI,74
Mecole Hardman,WR,GB,96
Elijhah Badger,WR,KC,116
Rondale Moore,WR,MIN,47
David Bell,WR,CLE,88
Jake Bobo,WR,SEA,82
Nick Nash,WR,ATL,105
Johnny Wilson,WR,PHI,112
Bo Melton,CB,GB,98
Kevin Austin Jr.,WR,NO,72
Bub Means,WR,NO,73
Charlie Jones,WR,CIN,96
Mason Tipton,WR,NO,74
Cedrick Wilson,WR,NO,69
Skyy Moore,WR,KC,101
Ainias Smith,WR,PHI,106
Jamari Thrash,WR,CLE,82
Casey Washington,WR,ATL,84
Devin Duvernay,WR,CHI,73
Jimmy Horn Jr.,WR,CAR,79
Rakim Jarrett,WR,TB,87
Ashton Dulin,WR,IND,83
DJ Turner,WR,LVR,63
Kaden Prather,WR,BUF,81
Trey Palmer,WR,TB,79
Malik Heath,WR,GB,76
Xavier Gipson,WR,NYJ,69
Michael Woods II,WR,CLE,75
Kobe Hudson,WR,CAR,74
Ryan Miller,WR,TB,76
LaJohntay Wester,WR,BAL,71
Dominic Lovett,WR,DET,68
Jha'Quan Jackson,WR,TEN,75
KhaDarel Hodge,WR,ATL,29
Ryan Flournoy,WR,DAL,54
Jalen Brooks,WR,DAL,53
Bryce Oliver,WR,TEN,64
Tyler Scott,WR,CHI,52
Tyler Johnson,WR,NYJ,40
Antwane Wells Jr.,WR,NYG,56
Konata Mumpfield,WR,LAR,55
Anthony Gould,WR,IND,55
Xavier Hutchinson,WR,HOU,40
Braxton Berrios,WR,HOU,18
Brandon Aiyuk,WR,SF,21
Ryan Fitzgerald,K,CAR,162
Matthew Wright,K,CAR,161
Greg Joseph,K,SF,96
Jalen Milroe,QB,SEA,110
Deshaun Watson,QB,CLE,38
Ben Sauls,K,PIT,5
John Parker Romo,K,NE,2
Anders Carlson,K,UNS,0
Greg Zuerlein,K,UNS,0
Justin Tucker,K,UNS,0